period,skim_period,purpose,survey_freq_dep,survey_freq_arr,model_freq_dep,model_freq_arr
4.75,1: EA,9: Work-based,139.83498,67.663975,98,9.0
4.75,1: EA,4: Escort,1760.52055,1757.52805,1224,549.0
4.75,1: EA,6: Individual Discretionary,7302.465312,471.020971,2199,56.0
4.75,1: EA,5: Individual Maintenance,272.00416,62.26924,565,71.0
4.75,1: EA,8: Joint Discretionary,122.56248,13.01136,530,26.0
4.75,1: EA,7: Joint Maintenance,0.0,0.0,202,33.0
4.75,1: EA,3: School,0.0,0.0,3608,7.0
4.75,1: EA,Total,44988.8133,7583.151245,45536,795.0
4.75,1: EA,2: University,2451.356342,16.271525,197,0.0
4.75,1: EA,1: Work,32940.06947,5195.386124,36913,44.0
5.25,1: EA,9: Work-based,336.0729029,107.077459,177,25.0
5.25,1: EA,4: Escort,230.6808967,1142.4405,2532,1440.0
5.25,1: EA,6: Individual Discretionary,2642.468815,346.68594,2987,261.0
5.25,1: EA,5: Individual Maintenance,1535.868207,0.0,896,186.0
5.25,1: EA,8: Joint Discretionary,21.6856,109.55112,578,88.0
5.25,1: EA,7: Joint Maintenance,0.0,0.0,253,66.0
5.25,1: EA,3: School,0.0,0.0,4310,21.0
5.25,1: EA,Total,38703.74212,1918.200586,52926,2180.0
5.25,1: EA,2: University,244.856,0.0,198,2.0
5.25,1: EA,1: Work,33692.1097,212.4455667,40995,91.0
5.75,1: EA,9: Work-based,52.512775,217.250234,367,67.0
5.75,1: EA,4: Escort,566.8036865,64.9106,6604,3410.0
5.75,1: EA,6: Individual Discretionary,5286.587912,2052.602505,3849,660.0
5.75,1: EA,5: Individual Maintenance,263.1026889,30.556395,1429,402.0
5.75,1: EA,8: Joint Discretionary,126.72896,0.0,648,178.0
5.75,1: EA,7: Joint Maintenance,0.0,0.0,327,126.0
5.75,1: EA,3: School,1018.119827,0.0,5412,36.0
5.75,1: EA,Total,70554.0861,3319.909808,125516,5086.0
5.75,1: EA,2: University,4130.691067,0.0,215,2.0
5.75,1: EA,1: Work,59109.53919,954.5900734,106665,205.0
6.25,2: AM,9: Work-based,392.7274647,116.4007967,486,111.0
6.25,2: AM,4: Escort,4998.095985,871.6756789,12536,10689.0
6.25,2: AM,6: Individual Discretionary,7602.454117,2658.292091,4773,1367.0
6.25,2: AM,5: Individual Maintenance,1468.998407,224.2284,2037,773.0
6.25,2: AM,8: Joint Discretionary,1161.643861,0.0,681,419.0
6.25,2: AM,7: Joint Maintenance,0.0,0.0,453,234.0
6.25,2: AM,3: School,10256.42949,0.0,3983,37.0
6.25,2: AM,Total,124779.8,5510.21447,85668,13957.0
6.25,2: AM,2: University,5493.482791,0.0,1310,10.0
6.25,2: AM,1: Work,93405.9679,1639.617503,59409,317.0
6.75,2: AM,9: Work-based,2934.061627,1162.259255,653,172.0
6.75,2: AM,4: Escort,13610.91102,1602.032393,24169,20303.0
6.75,2: AM,6: Individual Discretionary,8918.520499,4218.441541,6231,2749.0
6.75,2: AM,5: Individual Maintenance,3409.440367,318.2223598,3252,1350.0
6.75,2: AM,8: Joint Discretionary,35.75344,1127.562881,635,638.0
6.75,2: AM,7: Joint Maintenance,171.26017,122.622275,524,355.0
6.75,2: AM,3: School,43270.39727,0.0,46061,75.0
6.75,2: AM,Total,203991.6823,9909.372774,177902,26128.0
6.75,2: AM,2: University,9693.410597,0.0,2187,21.0
6.75,2: AM,1: Work,121947.9273,1358.232068,94190,465.0
7.25,2: AM,9: Work-based,1932.487462,1096.615058,900,249.0
7.25,2: AM,4: Escort,29250.36881,8540.887914,71864,48181.0
7.25,2: AM,6: Individual Discretionary,16270.51781,4644.859152,8580,3654.0
7.25,2: AM,5: Individual Maintenance,6042.214395,483.9523507,5047,2067.0
7.25,2: AM,8: Joint Discretionary,269.7254848,59.68654,731,678.0
7.25,2: AM,7: Joint Maintenance,131.8497783,0.0,657,468.0
7.25,2: AM,3: School,102419.9644,2411.229951,152846,227.0
7.25,2: AM,Total,348120.053,18991.46632,379272,56350.0
7.25,2: AM,2: University,30566.87896,79.113135,10000,51.0
7.25,2: AM,1: Work,161236.0459,1675.122222,128647,775.0
7.75,2: AM,9: Work-based,4665.139628,3410.850621,981,433.0
7.75,2: AM,4: Escort,43091.70032,17856.84179,140640,90632.0
7.75,2: AM,6: Individual Discretionary,16827.57855,2768.123412,14712,3917.0
7.75,2: AM,5: Individual Maintenance,10357.75705,528.405387,8736,2432.0
7.75,2: AM,8: Joint Discretionary,815.3105933,18.37528,1135,529.0
7.75,2: AM,7: Joint Maintenance,2306.511492,17.3036,972,425.0
7.75,2: AM,3: School,90420.1367,261.9364212,182091,358.0
7.75,2: AM,Total,306961.1848,27909.94954,519606,99989.0
7.75,2: AM,2: University,15229.4695,0.0,13163,91.0
7.75,2: AM,1: Work,123247.5809,3048.113029,157176,1172.0
8.25,2: AM,9: Work-based,7689.254841,2894.304663,1453,520.0
8.25,2: AM,4: Escort,19441.94781,29649.9989,95050,102486.0
8.25,2: AM,6: Individual Discretionary,26559.62331,3504.133656,15683,4537.0
8.25,2: AM,5: Individual Maintenance,15219.30515,1843.071123,15305,3155.0
8.25,2: AM,8: Joint Discretionary,1235.969241,599.5318037,1038,511.0
8.25,2: AM,7: Joint Maintenance,405.889243,0.0,1571,454.0
8.25,2: AM,3: School,48451.71862,698.3556267,99674,362.0
8.25,2: AM,Total,236866.1524,46054.68486,357136,113873.0
8.25,2: AM,2: University,22215.62607,3320.646284,9306,154.0
8.25,2: AM,1: Work,95646.81812,3544.642801,118056,1694.0
8.75,2: AM,9: Work-based,9413.248619,5891.724804,1772,736.0
8.75,2: AM,4: Escort,20003.58051,13703.41901,43615,75117.0
8.75,2: AM,6: Individual Discretionary,19586.81432,8413.722226,17229,5758.0
8.75,2: AM,5: Individual Maintenance,23983.07285,3291.077576,19847,3725.0
8.75,2: AM,8: Joint Discretionary,2832.07408,77.5639,1085,459.0
8.75,2: AM,7: Joint Maintenance,2113.876908,413.7786916,2028,445.0
8.75,2: AM,3: School,25716.78495,1624.063468,52726,391.0
8.75,2: AM,Total,191046.1569,37755.16802,234710,89185.0
8.75,2: AM,2: University,12663.97693,308.9709216,10624,297.0
8.75,2: AM,1: Work,74732.72775,4030.847422,85784,2257.0
9.25,3: MD,9: Work-based,7229.097165,4066.020633,2443,1034.0
9.25,3: MD,4: Escort,4922.222517,12329.50018,10511,24854.0
9.25,3: MD,6: Individual Discretionary,17824.78464,6192.692626,18667,7440.0
9.25,3: MD,5: Individual Maintenance,32042.3664,6929.494787,25444,5128.0
9.25,3: MD,8: Joint Discretionary,4287.232113,710.0690294,1192,532.0
9.25,3: MD,7: Joint Maintenance,5679.45133,88.5333,2707,538.0
9.25,3: MD,3: School,3676.338419,1414.41996,8439,427.0
9.25,3: MD,Total,137708.2017,35469.52606,127077,43300.0
9.25,3: MD,2: University,14851.95392,795.7977443,8603,446.0
9.25,3: MD,1: Work,47194.75516,2942.9978,49071,2901.0
9.75,3: MD,9: Work-based,7580.37038,6813.783835,2819,1444.0
9.75,3: MD,4: Escort,3446.565388,6848.462033,10449,14000.0
9.75,3: MD,6: Individual Discretionary,19769.71354,12876.83901,20011,10830.0
9.75,3: MD,5: Individual Maintenance,33910.30394,11802.78946,46101,8532.0
9.75,3: MD,8: Joint Discretionary,4315.16537,224.014395,2592,724.0
9.75,3: MD,7: Joint Maintenance,2610.993121,847.8556733,4899,881.0
9.75,3: MD,3: School,1056.07364,890.614755,4556,415.0
9.75,3: MD,Total,104011.5441,47316.19801,128489,41314.0
9.75,3: MD,2: University,4019.915962,3762.403562,7095,670.0
9.75,3: MD,1: Work,27302.44272,3249.43529,29967,3818.0
10.25,3: MD,9: Work-based,10266.99569,4606.032479,3458,1999.0
10.25,3: MD,4: Escort,2305.952345,4618.886177,10720,10955.0
10.25,3: MD,6: Individual Discretionary,14741.32639,10792.01398,14398,11088.0
10.25,3: MD,5: Individual Maintenance,26984.22975,12845.26953,52059,23780.0
10.25,3: MD,8: Joint Discretionary,991.0863735,2210.733347,1861,853.0
10.25,3: MD,7: Joint Maintenance,6830.59537,957.3610946,5702,2218.0
10.25,3: MD,3: School,551.6352333,378.83659,3057,997.0
10.25,3: MD,Total,88692.42658,41416.45754,117855,57658.0
10.25,3: MD,2: University,5667.203441,2605.273891,5946,1163.0
10.25,3: MD,1: Work,20353.40199,2402.050457,20654,4605.0
10.75,3: MD,9: Work-based,9718.914432,8565.175385,4597,2646.0
10.75,3: MD,4: Escort,2844.289939,2861.761433,11048,10732.0
10.75,3: MD,6: Individual Discretionary,20992.4945,10083.2673,14337,11555.0
10.75,3: MD,5: Individual Maintenance,22937.74091,16186.92193,52369,29498.0
10.75,3: MD,8: Joint Discretionary,3188.907783,536.09151,1757,1011.0
10.75,3: MD,7: Joint Maintenance,3883.858308,3195.928676,5881,2906.0
10.75,3: MD,3: School,571.70576,692.58772,2177,2061.0
10.75,3: MD,Total,88652.66015,46284.2996,116345,68356.0
10.75,3: MD,2: University,5596.13554,1386.25007,4964,1827.0
10.75,3: MD,1: Work,18918.61298,2776.315575,19215,6120.0
11.25,3: MD,9: Work-based,18840.79615,6047.625114,5635,3717.0
11.25,3: MD,4: Escort,7514.500877,6885.93046,11558,11068.0
11.25,3: MD,6: Individual Discretionary,32486.88414,9536.770687,17108,14340.0
11.25,3: MD,5: Individual Maintenance,26066.32561,18416.42316,42195,35860.0
11.25,3: MD,8: Joint Discretionary,2535.499542,1149.503337,2221,1374.0
11.25,3: MD,7: Joint Maintenance,2190.873415,2700.842512,4659,3742.0
11.25,3: MD,3: School,1670.093718,2182.221612,1888,3753.0
11.25,3: MD,Total,109957.2384,56927.78185,107546,84663.0
11.25,3: MD,2: University,4393.893603,3953.42205,4132,2791.0
11.25,3: MD,1: Work,14258.3713,6055.042919,18150,8018.0
11.75,3: MD,9: Work-based,22546.94945,13521.16514,20349,5902.0
11.75,3: MD,4: Escort,6225.367873,3797.616359,12161,11500.0
11.75,3: MD,6: Individual Discretionary,15587.35785,13929.10179,16990,13685.0
11.75,3: MD,5: Individual Maintenance,17527.09667,23279.47542,29635,40507.0
11.75,3: MD,8: Joint Discretionary,967.2614686,1580.585328,2216,1371.0
11.75,3: MD,7: Joint Maintenance,1992.780812,4269.264283,3063,4508.0
11.75,3: MD,3: School,289.3820568,3239.83731,1679,6100.0
11.75,3: MD,Total,83668.66137,79035.84055,107014,97102.0
11.75,3: MD,2: University,4728.193788,3369.493426,3449,3517.0
11.75,3: MD,1: Work,13804.27141,12049.30148,17472,10012.0
12.25,3: MD,9: Work-based,30151.36925,16377.23968,24712,11969.0
12.25,3: MD,4: Escort,6432.920675,4410.841764,13625,12400.0
12.25,3: MD,6: Individual Discretionary,18380.79144,13466.94998,14821,14625.0
12.25,3: MD,5: Individual Maintenance,23650.49095,29109.79992,27923,39925.0
12.25,3: MD,8: Joint Discretionary,749.4955717,1340.161479,1764,1717.0
12.25,3: MD,7: Joint Maintenance,2748.243372,6898.761201,2909,4593.0
12.25,3: MD,3: School,1442.411827,2116.376302,1396,8770.0
12.25,3: MD,Total,106601.8279,91701.8236,107261,115447.0
12.25,3: MD,2: University,3280.813309,5259.74949,2968,8747.0
12.25,3: MD,1: Work,19765.2915,12721.94378,17143,12701.0
12.75,3: MD,9: Work-based,18336.74964,29221.82669,15220,27444.0
12.75,3: MD,4: Escort,9190.382931,5972.566089,14766,13596.0
12.75,3: MD,6: Individual Discretionary,16375.39719,19671.31178,10417,15118.0
12.75,3: MD,5: Individual Maintenance,27687.05105,26001.50709,27719,34647.0
12.75,3: MD,8: Joint Discretionary,1829.733712,5425.55054,1238,1864.0
12.75,3: MD,7: Joint Maintenance,1905.343259,5152.408249,2893,3800.0
12.75,3: MD,3: School,1395.243956,5705.861536,1044,12149.0
12.75,3: MD,Total,94256.42452,123986.6528,92678,129879.0
12.75,3: MD,2: University,1441.52943,12186.46964,2620,5528.0
12.75,3: MD,1: Work,16094.99334,14649.15116,16761,15733.0
13.25,3: MD,9: Work-based,12941.71453,26944.17261,7531,18344.0
13.25,3: MD,4: Escort,6434.809988,6109.280757,16328,15106.0
13.25,3: MD,6: Individual Discretionary,14074.76339,12870.6336,10457,15093.0
13.25,3: MD,5: Individual Maintenance,22162.53194,21423.60472,27429,32971.0
13.25,3: MD,8: Joint Discretionary,1303.142565,1952.236657,1214,1837.0
13.25,3: MD,7: Joint Maintenance,1339.121758,2901.507967,2780,3440.0
13.25,3: MD,3: School,1818.741777,10769.03862,1229,15370.0
13.25,3: MD,Total,81989.14578,109002.7958,85749,126671.0
13.25,3: MD,2: University,3248.762337,9754.235341,2141,4465.0
13.25,3: MD,1: Work,18665.55749,16278.08557,16640,20045.0
13.75,3: MD,9: Work-based,13097.68255,22565.93281,3963,9792.0
13.75,3: MD,4: Escort,12096.82263,8815.631428,54574,14656.0
13.75,3: MD,6: Individual Discretionary,11821.23879,28149.96592,10349,15252.0
13.75,3: MD,5: Individual Maintenance,22293.02531,25727.68421,26047,37132.0
13.75,3: MD,8: Joint Discretionary,1287.710218,3919.244859,1221,1830.0
13.75,3: MD,7: Joint Maintenance,1949.128573,1963.469808,2608,3780.0
13.75,3: MD,3: School,882.8301816,4868.747841,1408,18736.0
13.75,3: MD,Total,72131.09506,120859.6594,117949,132496.0
13.75,3: MD,2: University,965.8960768,11599.63455,1845,4716.0
13.75,3: MD,1: Work,7736.760735,13249.34799,15934,26602.0
14.25,3: MD,9: Work-based,11045.0362,14480.06463,2961,6333.0
14.25,3: MD,4: Escort,24183.87584,12438.06639,89400,51410.0
14.25,3: MD,6: Individual Discretionary,14860.5306,13858.14384,9885,13148.0
14.25,3: MD,5: Individual Maintenance,31979.08964,25203.42021,24439,33090.0
14.25,3: MD,8: Joint Discretionary,317.3492617,1298.745775,1282,1751.0
14.25,3: MD,7: Joint Maintenance,2795.050483,1291.75698,2580,3358.0
14.25,3: MD,3: School,2754.056059,18693.2567,1584,49158.0
14.25,3: MD,Total,100826.2321,116793.5906,148856,198406.0
14.25,3: MD,2: University,3989.294906,6977.920373,1483,4952.0
14.25,3: MD,1: Work,8901.949145,22552.2157,15242,35206.0
14.75,3: MD,9: Work-based,9038.936195,11198.22293,2350,4217.0
14.75,3: MD,4: Escort,32791.15878,29045.95497,77880,92902.0
14.75,3: MD,6: Individual Discretionary,11454.00804,15929.90728,10609,12337.0
14.75,3: MD,5: Individual Maintenance,26729.56232,37700.75249,24406,31658.0
14.75,3: MD,8: Joint Discretionary,1076.366773,1723.812266,1543,1632.0
14.75,3: MD,7: Joint Maintenance,1252.369895,1946.197045,2585,3317.0
14.75,3: MD,3: School,1615.602623,46663.6329,1881,121138.0
14.75,3: MD,Total,95423.55761,188869.1309,137144,315472.0
14.75,3: MD,2: University,1676.328531,12945.01317,1264,5033.0
14.75,3: MD,1: Work,9789.224453,31715.63789,14626,43238.0
15.25,3: MD,9: Work-based,5609.169395,11570.51624,1889,3245.0
15.25,3: MD,4: Escort,20885.26733,27620.9804,68640,100183.0
15.25,3: MD,6: Individual Discretionary,14643.35266,20538.80608,13063,12064.0
15.25,3: MD,5: Individual Maintenance,22971.37386,29372.25189,24587,32143.0
15.25,3: MD,8: Joint Discretionary,2825.70304,750.680205,2311,1626.0
15.25,3: MD,7: Joint Maintenance,1443.60304,2411.409748,2915,3415.0
15.25,3: MD,3: School,3731.41135,40608.08859,2018,114097.0
15.25,3: MD,Total,84363.29243,186661.3511,129571,335886.0
15.25,3: MD,2: University,1512.711063,5754.03527,1010,5250.0
15.25,3: MD,1: Work,10740.70069,48034.58272,13138,63863.0
15.75,4: PM,9: Work-based,3134.707587,9797.816592,1438,2352.0
15.75,4: PM,4: Escort,15360.84866,31092.14677,44250,55074.0
15.75,4: PM,6: Individual Discretionary,18514.46544,25937.68617,16186,9222.0
15.75,4: PM,5: Individual Maintenance,20476.21387,26538.85684,25299,28407.0
15.75,4: PM,8: Joint Discretionary,945.2968454,935.8222867,1862,1254.0
15.75,4: PM,7: Joint Maintenance,2885.457855,1719.25221,3417,3207.0
15.75,4: PM,3: School,1440.85757,39638.96683,2073,71701.0
15.75,4: PM,Total,75799.87986,202517.8612,107184,248931.0
15.75,4: PM,2: University,3691.264248,10914.74351,827,5222.0
15.75,4: PM,1: Work,9350.767775,55942.56998,11832,72492.0
16.25,4: PM,9: Work-based,2334.121235,4554.819492,1145,1910.0
16.25,4: PM,4: Escort,19495.48628,20161.11581,36867,48441.0
16.25,4: PM,6: Individual Discretionary,17555.11225,18525.228,18865,9752.0
16.25,4: PM,5: Individual Maintenance,16215.53755,30088.29051,23950,31575.0
16.25,4: PM,8: Joint Discretionary,3674.007146,1642.627451,2827,1373.0
16.25,4: PM,7: Joint Maintenance,3261.651338,1616.365968,3474,3699.0
16.25,4: PM,3: School,1907.459293,18197.50776,1940,41018.0
16.25,4: PM,Total,72886.41427,162446.8059,100516,232801.0
16.25,4: PM,2: University,2592.928543,4315.884408,643,5223.0
16.25,4: PM,1: Work,5850.110634,63344.96649,10805,89810.0
16.75,4: PM,9: Work-based,2087.537678,4591.095276,1154,1582.0
16.75,4: PM,4: Escort,18739.95793,17134.90972,23536,31061.0
16.75,4: PM,6: Individual Discretionary,21811.07941,15693.21446,21243,14117.0
16.75,4: PM,5: Individual Maintenance,12496.10905,22986.07235,22364,28692.0
16.75,4: PM,8: Joint Discretionary,5976.042158,1436.134773,3297,2000.0
16.75,4: PM,7: Joint Maintenance,3336.986029,4223.46112,3356,3548.0
16.75,4: PM,3: School,4021.709396,28761.45666,1797,34898.0
16.75,4: PM,Total,78811.33917,194544.9324,90396,241413.0
16.75,4: PM,2: University,3427.265434,1776.658698,3969,5040.0
16.75,4: PM,1: Work,6914.65209,97941.92935,9680,120475.0
17.25,4: PM,9: Work-based,1646.470732,1718.445393,893,1146.0
17.25,4: PM,4: Escort,15617.13023,22519.4069,21812,25753.0
17.25,4: PM,6: Individual Discretionary,35306.29878,18890.794,25355,15897.0
17.25,4: PM,5: Individual Maintenance,13806.57352,28300.3783,22514,25918.0
17.25,4: PM,8: Joint Discretionary,4331.270807,1535.11359,5321,2414.0
17.25,4: PM,7: Joint Maintenance,2006.816178,2659.874609,3739,3469.0
17.25,4: PM,3: School,2999.007443,19189.80741,1654,33103.0
17.25,4: PM,Total,84001.56509,210872.706,93325,252464.0
17.25,4: PM,2: University,1949.1784,5421.676694,3026,4813.0
17.25,4: PM,1: Work,6338.81901,110637.2091,9011,139951.0
17.75,4: PM,9: Work-based,2609.508325,2033.866025,785,847.0
17.75,4: PM,4: Escort,15187.99068,14654.66573,19121,22918.0
17.75,4: PM,6: Individual Discretionary,34569.10258,24787.43728,32235,18429.0
17.75,4: PM,5: Individual Maintenance,18652.20081,14755.67535,22489,22899.0
17.75,4: PM,8: Joint Discretionary,9572.717796,2266.50445,6711,2968.0
17.75,4: PM,7: Joint Maintenance,2500.034187,2193.08608,4203,3294.0
17.75,4: PM,3: School,1887.685212,15342.94203,1379,27039.0
17.75,4: PM,Total,98600.60851,177678.5626,97707,224839.0
17.75,4: PM,2: University,7172.164649,5376.275903,2297,4532.0
17.75,4: PM,1: Work,6449.204268,96268.1098,8487,121913.0
18.25,4: PM,9: Work-based,1840.07492,1604.247805,745,760.0
18.25,4: PM,4: Escort,16173.70706,15786.84662,17273,19343.0
18.25,4: PM,6: Individual Discretionary,34689.77712,24455.06648,38449,20427.0
18.25,4: PM,5: Individual Maintenance,13135.48357,25965.53521,23662,25073.0
18.25,4: PM,8: Joint Discretionary,6933.528492,5256.043662,8732,3578.0
18.25,4: PM,7: Joint Maintenance,1298.955857,3615.84542,4609,3912.0
18.25,4: PM,3: School,1941.04822,16849.87826,985,13687.0
18.25,4: PM,Total,87391.61889,202236.1576,103694,176780.0
18.25,4: PM,2: University,6137.766614,9811.740439,1705,4266.0
18.25,4: PM,1: Work,5241.277035,98890.95374,7534,85734.0
18.75,4: PM,9: Work-based,774.7795054,2157.152465,611,718.0
18.75,4: PM,4: Escort,10190.06254,9989.667946,15341,17532.0
18.75,4: PM,6: Individual Discretionary,34398.70418,20876.25963,41592,23534.0
18.75,4: PM,5: Individual Maintenance,6373.610845,15362.70327,24664,21308.0
18.75,4: PM,8: Joint Discretionary,6697.701958,5451.30049,10571,4448.0
18.75,4: PM,7: Joint Maintenance,1815.441351,2194.059084,4955,3513.0
18.75,4: PM,3: School,1814.687282,7977.090901,713,7260.0
18.75,4: PM,Total,69972.08559,142636.1124,106239,137006.0
18.75,4: PM,2: University,1083.237418,10733.3384,1373,4133.0
18.75,4: PM,1: Work,6823.860501,67894.54024,6419,54560.0
19.25,5: EV,9: Work-based,557.8626267,416.4861667,620,723.0
19.25,5: EV,4: Escort,9121.015608,16975.91997,13507,16172.0
19.25,5: EV,6: Individual Discretionary,21520.46274,24518.59756,23592,26908.0
19.25,5: EV,5: Individual Maintenance,16360.82209,14516.73496,18169,22525.0
19.25,5: EV,8: Joint Discretionary,4749.772862,6486.540973,4906,5687.0
19.25,5: EV,7: Joint Maintenance,4367.914353,2126.754702,3581,4048.0
19.25,5: EV,3: School,165.85982,12507.36744,430,4391.0
19.25,5: EV,Total,64038.38395,140759.7147,70588,133128.0
19.25,5: EV,2: University,1762.763421,4058.736874,209,3736.0
19.25,5: EV,1: Work,5431.910425,59152.57606,5574,48938.0
19.75,5: EV,9: Work-based,82.4535,615.40582,576,638.0
19.75,5: EV,4: Escort,6814.332262,8009.201055,11346,14016.0
19.75,5: EV,6: Individual Discretionary,13443.24387,22992.75541,9095,29313.0
19.75,5: EV,5: Individual Maintenance,6890.65094,12149.01517,13573,23496.0
19.75,5: EV,8: Joint Discretionary,2147.001451,6397.876612,1579,6550.0
19.75,5: EV,7: Joint Maintenance,924.8622935,2472.555275,2491,4469.0
19.75,5: EV,3: School,1078.78678,7309.036137,315,2450.0
19.75,5: EV,Total,33155.75162,106687.2227,43835,117016.0
19.75,5: EV,2: University,706.05799,4069.672146,198,3720.0
19.75,5: EV,1: Work,1068.362533,42671.70508,4662,32364.0
20.25,5: EV,9: Work-based,447.76845,298.5123,506,680.0
20.25,5: EV,4: Escort,2429.283585,11772.48551,10015,12009.0
20.25,5: EV,6: Individual Discretionary,11072.0604,25633.61318,6943,31662.0
20.25,5: EV,5: Individual Maintenance,5904.543572,13395.427,9483,24234.0
20.25,5: EV,8: Joint Discretionary,806.7462866,8406.087298,1244,6797.0
20.25,5: EV,7: Joint Maintenance,753.8998733,2081.854757,1596,4679.0
20.25,5: EV,3: School,402.2394083,10758.85235,212,1319.0
20.25,5: EV,Total,23802.39083,117055.703,33845,109442.0
20.25,5: EV,2: University,109.600075,3539.166926,233,3753.0
20.25,5: EV,1: Work,1876.24918,41169.7037,3613,24309.0
20.75,5: EV,9: Work-based,766.4076,1031.489145,490,543.0
20.75,5: EV,4: Escort,1738.615793,7104.251193,8331,10373.0
20.75,5: EV,6: Individual Discretionary,5423.427791,30973.14881,4965,32256.0
20.75,5: EV,5: Individual Maintenance,1521.78022,8119.578391,6550,17094.0
20.75,5: EV,8: Joint Discretionary,435.4476017,5755.569377,776,6650.0
20.75,5: EV,7: Joint Maintenance,73.455475,2721.508077,1057,3305.0
20.75,5: EV,3: School,424.1205667,9496.367896,148,699.0
20.75,5: EV,Total,11427.00752,102619.2894,25380,93781.0
20.75,5: EV,2: University,153.84335,9168.892287,238,3386.0
20.75,5: EV,1: Work,889.9091198,28248.48426,2825,19475.0
21.25,5: EV,9: Work-based,943.9466,659.73532,443,547.0
21.25,5: EV,4: Escort,1779.132857,5270.89182,7233,8884.0
21.25,5: EV,6: Individual Discretionary,5145.386622,25702.18623,3655,35590.0
21.25,5: EV,5: Individual Maintenance,2387.895648,6188.8949,4098,12642.0
21.25,5: EV,8: Joint Discretionary,600.5040133,3428.999532,505,6513.0
21.25,5: EV,7: Joint Maintenance,125.7579767,735.3369517,656,2346.0
21.25,5: EV,3: School,0.0,2063.408923,113,377.0
21.25,5: EV,Total,11827.22388,76712.68045,19110,86417.0
21.25,5: EV,2: University,13.762245,10442.6961,155,3143.0
21.25,5: EV,1: Work,830.8379203,22220.53068,2252,16375.0
21.75,5: EV,9: Work-based,525.23835,955.48789,387,524.0
21.75,5: EV,4: Escort,549.6016892,2779.177372,6062,7564.0
21.75,5: EV,6: Individual Discretionary,4437.547729,17789.67701,2720,14475.0
21.75,5: EV,5: Individual Maintenance,2827.926379,8391.686812,2829,9041.0
21.75,5: EV,8: Joint Discretionary,41.405275,1919.267814,299,2539.0
21.75,5: EV,7: Joint Maintenance,670.95133,708.2208317,445,1666.0
21.75,5: EV,3: School,0.0,2704.633397,119,389.0
21.75,5: EV,Total,10329.99671,58717.47062,14680,53183.0
21.75,5: EV,2: University,460.9153,4801.758456,120,2502.0
21.75,5: EV,1: Work,816.4106596,18667.56104,1699,14483.0
22.25,5: EV,9: Work-based,149.25615,331.1788,324,518.0
22.25,5: EV,4: Escort,443.41602,3047.498,5142,6653.0
22.25,5: EV,6: Individual Discretionary,5464.788801,11671.15239,2090,12980.0
22.25,5: EV,5: Individual Maintenance,179.9311133,7283.066952,1940,6522.0
22.25,5: EV,8: Joint Discretionary,65.0568,1738.129552,227,1701.0
22.25,5: EV,7: Joint Maintenance,86.9997,827.30709,280,1133.0
22.25,5: EV,3: School,0.0,785.5288112,81,415.0
22.25,5: EV,Total,7061.940991,42782.33063,11363,45156.0
22.25,5: EV,2: University,346.6534,4007.875412,71,2149.0
22.25,5: EV,1: Work,325.8390067,13090.59362,1208,13085.0
22.75,5: EV,9: Work-based,298.5123,300.8472,277,537.0
22.75,5: EV,4: Escort,51.79902667,2524.064465,4472,5798.0
22.75,5: EV,6: Individual Discretionary,927.15736,13527.27174,1604,8267.0
22.75,5: EV,5: Individual Maintenance,433.85604,848.0897967,1156,4842.0
22.75,5: EV,8: Joint Discretionary,0.0,616.1741167,160,968.0
22.75,5: EV,7: Joint Maintenance,0.0,234.1964635,169,791.0
22.75,5: EV,3: School,0.0,0.0,75,435.0
22.75,5: EV,Total,2884.638897,30794.95541,8820,35720.0
22.75,5: EV,2: University,47.60705,2779.771718,27,1654.0
22.75,5: EV,1: Work,1125.70712,9964.53991,880,12428.0
23.25,5: EV,9: Work-based,298.5123,447.76845,198,472.0
23.25,5: EV,4: Escort,1178.308558,330.6402083,3802,4954.0
23.25,5: EV,6: Individual Discretionary,874.3374511,7271.766457,967,7305.0
23.25,5: EV,5: Individual Maintenance,346.896115,921.453295,770,3557.0
23.25,5: EV,8: Joint Discretionary,0.0,264.244105,90,777.0
23.25,5: EV,7: Joint Maintenance,13.44415,421.7703,119,522.0
23.25,5: EV,3: School,0.0,335.70571,44,437.0
23.25,5: EV,Total,3224.245914,16720.19998,6589,32027.0
23.25,5: EV,2: University,159.52201,213.5536354,4,1181.0
23.25,5: EV,1: Work,353.22533,6513.297817,595,12822.0
23.75,5: EV,9: Work-based,0.0,0.0,117,398.0
23.75,5: EV,4: Escort,16.9786,1283.372451,3476,4240.0
23.75,5: EV,6: Individual Discretionary,321.30709,4515.192478,582,3925.0
23.75,5: EV,5: Individual Maintenance,13.01136,124.813035,400,2560.0
23.75,5: EV,8: Joint Discretionary,0.0,90.16099333,41,371.0
23.75,5: EV,7: Joint Maintenance,0.0,13.44415,36,396.0
23.75,5: EV,3: School,0.0,0.0,28,441.0
23.75,5: EV,Total,1451.671464,15527.09875,5068,28152.0
23.75,5: EV,2: University,0.0,1836.875921,7,945.0
23.75,5: EV,1: Work,1100.374414,7663.23972,381,14876.0
24.25,5: EV,9: Work-based,0.0,0.0,53,273.0
24.25,5: EV,4: Escort,2983.216681,5185.000606,1271,5797.0
24.25,5: EV,6: Individual Discretionary,2335.779993,9816.392034,177,4077.0
24.25,5: EV,5: Individual Maintenance,284.505505,1928.211952,111,2071.0
24.25,5: EV,8: Joint Discretionary,273.9411667,382.5678867,14,399.0
24.25,5: EV,7: Joint Maintenance,16.3259,29.39392,13,265.0
24.25,5: EV,3: School,33.09688,31.41696,20,449.0
24.25,5: EV,Total,10665.62369,32689.22827,1898,39594.0
24.25,5: EV,2: University,331.0038667,2692.363862,1,692.0
24.25,5: EV,1: Work,4407.7537,12623.88105,238,25571.0
